insert into REPORT_REPORT
(ID, VERSION, CREATE_TS, CREATED_BY, UPDATE_TS, UPDATED_BY, DELETE_TS, DELETED_BY, NAME, LOCALE_NAMES, CODE, GROUP_ID, DEFAULT_TEMPLATE_ID, REPORT_TYPE, DESCRIPTION, XML, ROLES_IDX, SCREENS_IDX, INPUT_ENTITY_TYPES_IDX, REST_ACCESS, IS_SYSTEM)
values ('bfd2cdcb-bb7c-47b5-de6d-9b5b8121de1d', 10, '2018-11-15 11:18:38', 'admin', '2018-11-15 11:27:45', 'admin', null, null, 'Created subscription', null, null, '4e083530-0b9c-11e1-9b41-6bdaa41bff94', null, 10, null, '{"metaClass":"report$Report","id":"bfd2cdcb-bb7c-47b5-de6d-9b5b8121de1d","roles":[],"defaultTemplate":{"metaClass":"report$ReportTemplate","id":"7eabeb5f-9341-4e90-642c-825d92a1ceb6","code":"DEFAULT","customDefinedBy":"100","custom":"false","version":"2","outputNamePattern":"Created subscription.html","reportOutputType":"30","customDefinition":"","report":{"metaClass":"report$Report","id":"bfd2cdcb-bb7c-47b5-de6d-9b5b8121de1d"},"name":"Template for report \"Created subscription\".html","alterable":"false"},"bands":[{"metaClass":"report$BandDefinition","id":"fbb59c99-8b36-b068-7a17-a1adb6f6a841","orientation":"","childrenBandDefinitions":[{"metaClass":"report$BandDefinition","id":"282a0ae2-aa33-5bd0-f479-21e864d79f24","orientation":"0","childrenBandDefinitions":[],"name":"Customer","parentBandDefinition":{"metaClass":"report$BandDefinition","id":"fbb59c99-8b36-b068-7a17-a1adb6f6a841"},"report":{"metaClass":"report$Report","id":"bfd2cdcb-bb7c-47b5-de6d-9b5b8121de1d"},"dataSets":[{"metaClass":"report$DataSet","id":"7af42e63-44d1-811d-8d37-c8e474869413","entityParamName":"subscription","type":"40","jsonSourceType":"10","name":"Dataset","useExistingView":"false","bandDefinition":{"metaClass":"report$BandDefinition","id":"282a0ae2-aa33-5bd0-f479-21e864d79f24"},"text":"return [[:]]","view":"{\"entityClass\":\"yetdemo$Customer\",\"name\":\"\",\"properties\":{\"name\":{\"name\":\"name\",\"fetchMode\":\"AUTO\"}},\"loadPartialEntities\":false}"}],"position":"0"},{"metaClass":"report$BandDefinition","id":"86c6c717-a8cc-33b6-2944-129c68b76e21","orientation":"0","childrenBandDefinitions":[],"name":"User","parentBandDefinition":{"metaClass":"report$BandDefinition","id":"fbb59c99-8b36-b068-7a17-a1adb6f6a841"},"report":{"metaClass":"report$Report","id":"bfd2cdcb-bb7c-47b5-de6d-9b5b8121de1d"},"dataSets":[{"metaClass":"report$DataSet","id":"25732613-c227-4447-a18b-fdee8b971222","entityParamName":"user","type":"40","jsonSourceType":"10","name":"Dataset","useExistingView":"false","bandDefinition":{"metaClass":"report$BandDefinition","id":"86c6c717-a8cc-33b6-2944-129c68b76e21"},"text":"return [[:]]","view":"null"}],"position":"1"}],"name":"Root","report":{"metaClass":"report$Report","id":"bfd2cdcb-bb7c-47b5-de6d-9b5b8121de1d"},"dataSets":[],"position":"0"},{"metaClass":"report$BandDefinition","id":"282a0ae2-aa33-5bd0-f479-21e864d79f24"},{"metaClass":"report$BandDefinition","id":"86c6c717-a8cc-33b6-2944-129c68b76e21"}],"inputParameters":[{"metaClass":"report$ReportInputParameter","id":"d0ef0ca7-bc62-1c31-21e3-5003e1d7ca98","entityMetaClass":"yetdemo$Customer","parameterClassName":"com.haulmont.demo.emailtemplates.entity.Customer","predefinedTransformation":"","type":"30","required":"true","validationOn":"false","defaultDateIsCurrent":"false","report":{"metaClass":"report$Report","id":"bfd2cdcb-bb7c-47b5-de6d-9b5b8121de1d"},"name":"Customer","alias":"subscription","position":"0"},{"metaClass":"report$ReportInputParameter","id":"846e857d-aad7-d9c1-a6f7-7ee38d3f93db","entityMetaClass":"sec$User","parameterClassName":"com.haulmont.cuba.security.entity.User","predefinedTransformation":"","type":"30","required":"false","validationOn":"false","defaultDateIsCurrent":"false","report":{"metaClass":"report$Report","id":"bfd2cdcb-bb7c-47b5-de6d-9b5b8121de1d"},"name":"User","alias":"user","position":"1"}],"validationOn":"false","reportType":"10","reportScreens":[],"group":{"metaClass":"report$ReportGroup","id":"4e083530-0b9c-11e1-9b41-6bdaa41bff94","localeNames":"en\u005cu003dGeneral\r\nru\u005cu003d\u041e\u0431\u0449\u0438\u0435","code":"ReportGroup.default","title":"General","version":"0"},"inputEntityTypesIdx":",yetdemo$Customer,sec$User,","valuesFormats":[],"templates":[{"metaClass":"report$ReportTemplate","id":"7eabeb5f-9341-4e90-642c-825d92a1ceb6"}],"version":"8","system":"false","name":"Created subscription"}', null, null, ',yetdemo$Customer,sec$User,', null, false);

insert into REPORT_TEMPLATE (ID, VERSION, CREATE_TS, CREATED_BY, UPDATE_TS, UPDATED_BY, DELETE_TS, DELETED_BY, REPORT_ID, OUTPUT_TYPE, CODE, IS_CUSTOM, IS_ALTERABLE_OUTPUT, CUSTOM_CLASS, CUSTOM_DEFINED_BY, OUTPUT_NAME_PATTERN, NAME, CONTENT)
values ('7eabeb5f-9341-4e90-642c-825d92a1ceb6', 2, '2018-11-15 11:18:38', 'admin', '2018-11-15 11:27:12', 'admin', null, null, 'bfd2cdcb-bb7c-47b5-de6d-9b5b8121de1d', 30, 'DEFAULT', false, false, '', 100, 'Created subscription.html', 'Template for report "Created subscription".html', '3c3f786d6c2076657273696f6e3d22312e302220656e636f64696e673d227574662d38223f3e0a3c21444f43545950452068746d6c205055424c494320222d2f2f5733432f2f445444205848544d4c20312e312f2f454e222022687474703a2f2f7777772e77332e6f72672f54522f7868746d6c31312f4454442f7868746d6c31312e647464223e0a3c68746d6c20786d6c6e733d22687474703a2f2f7777772e77332e6f72672f313939392f7868746d6c2220786d6c3a6c616e673d227275223e0a202020203c686561643e0a20202020202020203c7469746c653e204e6f74696669636174696f6e203c2f7469746c653e0a20202020202020203c7374796c6520747970653d22746578742f637373223e0a20202020202020202020202020626f647920207b666f6e742d66616d696c793a20274368617269732053494c272c2073616e732d73657269663b7d0a2074626f6479207472207b6865696768743a323070783b206d696e2d6865696768743a323070787d0a0a20202020202020203c2f7374796c653e0a202020203c2f686561643e0a202020203c626f64793e0a20202020202020200a3c2361737369676e20437573746f6d6572203d20526f6f742e62616e64732e437573746f6d65723e3c62722f3e0a3c2361737369676e2055736572203d20526f6f742e62616e64732e557365723e3c62722f3e0a3c2373657474696e6720626f6f6c65616e5f666f726d61743d22547275652c46616c7365223e0a3c703e537562736372697074696f6e20666f7220637573746f6d657220247b28437573746f6d65725b305d2e6669656c647328276e616d65272929213f737472696e67217d3c2f703e0a3c703e7761732063726561746564206279207573657220247b28557365725b305d2e6669656c647328276e616d65272929213f737472696e67217d3c2f703e0a202020203c2f626f64793e0a3c2f68746d6c3e');

update REPORT_REPORT
set DEFAULT_TEMPLATE_ID='7eabeb5f-9341-4e90-642c-825d92a1ceb6'
where ID='bfd2cdcb-bb7c-47b5-de6d-9b5b8121de1d';

insert into REPORT_REPORT
(ID, VERSION, CREATE_TS, CREATED_BY, UPDATE_TS, UPDATED_BY, DELETE_TS, DELETED_BY, NAME, LOCALE_NAMES, CODE, GROUP_ID, DEFAULT_TEMPLATE_ID, REPORT_TYPE, DESCRIPTION, XML, ROLES_IDX, SCREENS_IDX, INPUT_ENTITY_TYPES_IDX, REST_ACCESS, IS_SYSTEM)
values ('7080df93-9e0a-6433-5953-a1d30fee6a2b', 8, '2018-11-15 14:07:13', 'admin', '2018-11-15 15:17:14', 'admin', null, null, 'Updated subscription', null, null, '4e083530-0b9c-11e1-9b41-6bdaa41bff94', null, 10, null, '{"metaClass":"report$Report","id":"7080df93-9e0a-6433-5953-a1d30fee6a2b","roles":[],"defaultTemplate":{"metaClass":"report$ReportTemplate","id":"efb56f7d-07de-da94-4432-29a8b86f82bc","code":"DEFAULT","customDefinedBy":"100","custom":"false","version":"1","outputNamePattern":"Updated subscription.html","reportOutputType":"30","customDefinition":"","report":{"metaClass":"report$Report","id":"7080df93-9e0a-6433-5953-a1d30fee6a2b"},"name":"Template for report \"Updated subscription\".html","alterable":"false"},"bands":[{"metaClass":"report$BandDefinition","id":"ec8cf0f6-0172-193c-c487-c3b955067d09","orientation":"","childrenBandDefinitions":[{"metaClass":"report$BandDefinition","id":"f0def119-a3be-89f1-a637-92985610ecd9","orientation":"0","childrenBandDefinitions":[],"name":"Customer","parentBandDefinition":{"metaClass":"report$BandDefinition","id":"ec8cf0f6-0172-193c-c487-c3b955067d09"},"report":{"metaClass":"report$Report","id":"7080df93-9e0a-6433-5953-a1d30fee6a2b"},"dataSets":[{"metaClass":"report$DataSet","id":"44a46557-e74b-548c-8f11-e9b91fed8baf","entityParamName":"subscription","type":"40","jsonSourceType":"10","name":"Dataset","useExistingView":"false","bandDefinition":{"metaClass":"report$BandDefinition","id":"f0def119-a3be-89f1-a637-92985610ecd9"},"text":"return [[:]]","view":"{\"entityClass\":\"yetdemo$Customer\",\"name\":\"\",\"properties\":{\"name\":{\"name\":\"name\",\"fetchMode\":\"AUTO\"}},\"loadPartialEntities\":false}"}],"position":"0"},{"metaClass":"report$BandDefinition","id":"84170306-4d8b-8612-835b-f4e82dd0f028","orientation":"0","childrenBandDefinitions":[],"name":"User","parentBandDefinition":{"metaClass":"report$BandDefinition","id":"ec8cf0f6-0172-193c-c487-c3b955067d09"},"report":{"metaClass":"report$Report","id":"7080df93-9e0a-6433-5953-a1d30fee6a2b"},"dataSets":[{"metaClass":"report$DataSet","id":"0820ae86-91e4-d098-0d9b-9a56755bb416","entityParamName":"user","type":"40","jsonSourceType":"10","name":"Dataset","useExistingView":"false","bandDefinition":{"metaClass":"report$BandDefinition","id":"84170306-4d8b-8612-835b-f4e82dd0f028"},"text":"return [[:]]","view":"null"}],"position":"1"}],"name":"Root","report":{"metaClass":"report$Report","id":"7080df93-9e0a-6433-5953-a1d30fee6a2b"},"dataSets":[],"position":"0"},{"metaClass":"report$BandDefinition","id":"f0def119-a3be-89f1-a637-92985610ecd9"},{"metaClass":"report$BandDefinition","id":"84170306-4d8b-8612-835b-f4e82dd0f028"}],"inputParameters":[{"metaClass":"report$ReportInputParameter","id":"fb4d905b-6864-f4fe-ebaa-caf84d3657ef","entityMetaClass":"yetdemo$Customer","parameterClassName":"com.haulmont.demo.emailtemplates.entity.Customer","predefinedTransformation":"","type":"30","required":"true","validationOn":"false","defaultDateIsCurrent":"false","report":{"metaClass":"report$Report","id":"7080df93-9e0a-6433-5953-a1d30fee6a2b"},"name":"Customer","alias":"subscription","position":"0"},{"metaClass":"report$ReportInputParameter","id":"ec8490ce-772e-4114-e9d1-e88980b7b05c","entityMetaClass":"sec$User","parameterClassName":"com.haulmont.cuba.security.entity.User","predefinedTransformation":"","type":"30","required":"false","validationOn":"false","defaultDateIsCurrent":"false","report":{"metaClass":"report$Report","id":"7080df93-9e0a-6433-5953-a1d30fee6a2b"},"name":"User","alias":"user","position":"1"}],"validationOn":"false","reportType":"10","reportScreens":[],"group":{"metaClass":"report$ReportGroup","id":"4e083530-0b9c-11e1-9b41-6bdaa41bff94","localeNames":"en\u003dGeneral\r\nru\u003dОбщие","code":"ReportGroup.default","title":"General","version":"0"},"inputEntityTypesIdx":",yetdemo$Customer,sec$User,","valuesFormats":[],"templates":[{"metaClass":"report$ReportTemplate","id":"efb56f7d-07de-da94-4432-29a8b86f82bc"}],"version":"6","system":"false","name":"Updated subscription"}', null, null, ',yetdemo$Customer,sec$User,', null, false);

insert into REPORT_TEMPLATE
(ID, VERSION, CREATE_TS, CREATED_BY, UPDATE_TS, UPDATED_BY, DELETE_TS, DELETED_BY, REPORT_ID, OUTPUT_TYPE, CODE, IS_CUSTOM, IS_ALTERABLE_OUTPUT, CUSTOM_CLASS, CUSTOM_DEFINED_BY, OUTPUT_NAME_PATTERN, NAME, CONTENT)
values ('efb56f7d-07de-da94-4432-29a8b86f82bc', 2, '2018-11-15 14:07:13', 'admin', '2018-11-15 15:17:14', 'admin', null, null, '7080df93-9e0a-6433-5953-a1d30fee6a2b', 30, 'DEFAULT', false, false, '', 100, 'Updated subscription.html', 'Template for report "Updated subscription".html', '3c3f786d6c2076657273696f6e3d22312e302220656e636f64696e673d227574662d38223f3e0d0a3c21444f43545950452068746d6c205055424c494320222d2f2f5733432f2f445444205848544d4c20312e312f2f454e222022687474703a2f2f7777772e77332e6f72672f54522f7868746d6c31312f4454442f7868746d6c31312e647464223e0d0a3c68746d6c20786d6c6e733d22687474703a2f2f7777772e77332e6f72672f313939392f7868746d6c2220786d6c3a6c616e673d227275223e0d0a202020203c686561643e0d0a20202020202020203c7469746c653e204e6f74696669636174696f6e203c2f7469746c653e0d0a20202020202020203c7374796c6520747970653d22746578742f637373223e0d0a20202020202020202020202020626f647920207b666f6e742d66616d696c793a20274368617269732053494c272c2073616e732d73657269663b7d0d0a2074626f6479207472207b6865696768743a323070783b206d696e2d6865696768743a323070787d0d0a0d0a20202020202020203c2f7374796c653e0d0a202020203c2f686561643e0d0a202020203c626f64793e0d0a20202020202020200d0a3c2361737369676e20437573746f6d6572203d20526f6f742e62616e64732e437573746f6d65723e3c62722f3e0d0a3c2361737369676e2055736572203d20526f6f742e62616e64732e557365723e3c62722f3e0d0a3c2373657474696e6720626f6f6c65616e5f666f726d61743d22547275652c46616c7365223e0d0a3c703e537562736372697074696f6e20666f7220637573746f6d657220247b28437573746f6d65725b305d2e6669656c647328276e616d65272929213f737472696e67217d3c2f703e0d0a3c703e7761732075706461746564206279207573657220247b28557365725b305d2e6669656c647328276e616d65272929213f737472696e67217d3c2f703e0d0a202020203c2f626f64793e0d0a3c2f68746d6c3e');

update REPORT_REPORT
set DEFAULT_TEMPLATE_ID='efb56f7d-07de-da94-4432-29a8b86f82bc'
where ID='7080df93-9e0a-6433-5953-a1d30fee6a2b';

insert into REPORT_REPORT
(ID, VERSION, CREATE_TS, CREATED_BY, UPDATE_TS, UPDATED_BY, DELETE_TS, DELETED_BY, NAME, LOCALE_NAMES, CODE, GROUP_ID, DEFAULT_TEMPLATE_ID, REPORT_TYPE, DESCRIPTION, XML, ROLES_IDX, SCREENS_IDX, INPUT_ENTITY_TYPES_IDX, REST_ACCESS, IS_SYSTEM)
values ('94c42dbb-8e21-2f2a-5745-bee7c543765c', 6, '2018-11-15 15:39:34', 'admin', '2018-11-15 15:43:00', 'admin', null, null, 'Ended subscription', null, null, '4e083530-0b9c-11e1-9b41-6bdaa41bff94', null, 10, null, '{"metaClass":"report$Report","id":"94c42dbb-8e21-2f2a-5745-bee7c543765c","roles":[],"defaultTemplate":{"metaClass":"report$ReportTemplate","id":"44e139d9-7474-2ad2-15b9-89bac5bc7129","code":"DEFAULT","customDefinedBy":"100","custom":"false","version":"1","outputNamePattern":"Ended subscription.html","reportOutputType":"30","customDefinition":"","report":{"metaClass":"report$Report","id":"94c42dbb-8e21-2f2a-5745-bee7c543765c"},"name":"Template for report \"Ended subscription\".html","alterable":"false"},"bands":[{"metaClass":"report$BandDefinition","id":"d95d1dce-5e64-c655-4742-65dcf629bbd1","orientation":"","childrenBandDefinitions":[{"metaClass":"report$BandDefinition","id":"46697b0f-b582-1bb5-78c9-42485a8daa58","orientation":"0","childrenBandDefinitions":[],"name":"Customer","parentBandDefinition":{"metaClass":"report$BandDefinition","id":"d95d1dce-5e64-c655-4742-65dcf629bbd1"},"report":{"metaClass":"report$Report","id":"94c42dbb-8e21-2f2a-5745-bee7c543765c"},"dataSets":[{"metaClass":"report$DataSet","id":"76063ee1-a49b-82d5-d03a-205e8a5f90cb","entityParamName":"subscription","type":"40","jsonSourceType":"10","name":"Dataset","useExistingView":"false","bandDefinition":{"metaClass":"report$BandDefinition","id":"46697b0f-b582-1bb5-78c9-42485a8daa58"},"text":"return [[:]]","view":"{\"entityClass\":\"yetdemo$Customer\",\"name\":\"\",\"properties\":{\"name\":{\"name\":\"name\",\"fetchMode\":\"AUTO\"}},\"loadPartialEntities\":false}"}],"position":"0"},{"metaClass":"report$BandDefinition","id":"9752f6ff-ef0d-aade-91b7-52ba2078e99a","orientation":"0","childrenBandDefinitions":[],"name":"User","parentBandDefinition":{"metaClass":"report$BandDefinition","id":"d95d1dce-5e64-c655-4742-65dcf629bbd1"},"report":{"metaClass":"report$Report","id":"94c42dbb-8e21-2f2a-5745-bee7c543765c"},"dataSets":[{"metaClass":"report$DataSet","id":"8622f736-b6e7-8f0e-ec80-489e62034191","entityParamName":"user","type":"40","jsonSourceType":"10","name":"Dataset","useExistingView":"false","bandDefinition":{"metaClass":"report$BandDefinition","id":"9752f6ff-ef0d-aade-91b7-52ba2078e99a"},"text":"return [[:]]","view":"null"}],"position":"1"}],"name":"Root","report":{"metaClass":"report$Report","id":"94c42dbb-8e21-2f2a-5745-bee7c543765c"},"dataSets":[],"position":"0"},{"metaClass":"report$BandDefinition","id":"46697b0f-b582-1bb5-78c9-42485a8daa58"},{"metaClass":"report$BandDefinition","id":"9752f6ff-ef0d-aade-91b7-52ba2078e99a"}],"inputParameters":[{"metaClass":"report$ReportInputParameter","id":"613f3c6a-431e-fe3f-b05f-d5ac3b87af05","entityMetaClass":"yetdemo$Customer","parameterClassName":"com.haulmont.demo.emailtemplates.entity.Customer","predefinedTransformation":"","type":"30","required":"true","validationOn":"false","defaultDateIsCurrent":"false","report":{"metaClass":"report$Report","id":"94c42dbb-8e21-2f2a-5745-bee7c543765c"},"name":"Customer","alias":"subscription","position":"0"},{"metaClass":"report$ReportInputParameter","id":"29b57876-313a-b429-6c74-085bea9c149b","entityMetaClass":"sec$User","parameterClassName":"com.haulmont.cuba.security.entity.User","predefinedTransformation":"","type":"30","required":"false","validationOn":"false","defaultDateIsCurrent":"false","report":{"metaClass":"report$Report","id":"94c42dbb-8e21-2f2a-5745-bee7c543765c"},"name":"User","alias":"user","position":"1"}],"validationOn":"false","reportType":"10","reportScreens":[],"group":{"metaClass":"report$ReportGroup","id":"4e083530-0b9c-11e1-9b41-6bdaa41bff94","localeNames":"en\u003dGeneral\r\nru\u003dОбщие","code":"ReportGroup.default","title":"General","version":"0"},"inputEntityTypesIdx":",yetdemo$Customer,sec$User,","valuesFormats":[],"templates":[{"metaClass":"report$ReportTemplate","id":"44e139d9-7474-2ad2-15b9-89bac5bc7129"}],"version":"4","system":"false","name":"Ended subscription"}', null, null, ',yetdemo$Customer,sec$User,', null, false);

insert into REPORT_TEMPLATE
(ID, VERSION, CREATE_TS, CREATED_BY, UPDATE_TS, UPDATED_BY, DELETE_TS, DELETED_BY, REPORT_ID, OUTPUT_TYPE, CODE, IS_CUSTOM, IS_ALTERABLE_OUTPUT, CUSTOM_CLASS, CUSTOM_DEFINED_BY, OUTPUT_NAME_PATTERN, NAME, CONTENT)
values ('44e139d9-7474-2ad2-15b9-89bac5bc7129', 2, '2018-11-15 15:39:34', 'admin', '2018-11-15 15:43:00', 'admin', null, null, '94c42dbb-8e21-2f2a-5745-bee7c543765c', 30, 'DEFAULT', false, false, '', 100, 'Ended subscription.html', 'Template for report "Ended subscription".html', '3c3f786d6c2076657273696f6e3d22312e302220656e636f64696e673d227574662d38223f3e0d0a3c21444f43545950452068746d6c205055424c494320222d2f2f5733432f2f445444205848544d4c20312e312f2f454e222022687474703a2f2f7777772e77332e6f72672f54522f7868746d6c31312f4454442f7868746d6c31312e647464223e0d0a3c68746d6c20786d6c6e733d22687474703a2f2f7777772e77332e6f72672f313939392f7868746d6c2220786d6c3a6c616e673d227275223e0d0a202020203c686561643e0d0a20202020202020203c7469746c653e204e6f74696669636174696f6e203c2f7469746c653e0d0a20202020202020203c7374796c6520747970653d22746578742f637373223e0d0a20202020202020202020202020626f647920207b666f6e742d66616d696c793a20274368617269732053494c272c2073616e732d73657269663b7d0d0a2074626f6479207472207b6865696768743a323070783b206d696e2d6865696768743a323070787d0d0a0d0a20202020202020203c2f7374796c653e0d0a202020203c2f686561643e0d0a202020203c626f64793e0d0a20202020202020200d0a3c2361737369676e20437573746f6d6572203d20526f6f742e62616e64732e437573746f6d65723e3c62722f3e0d0a3c2361737369676e2055736572203d20526f6f742e62616e64732e557365723e3c62722f3e0d0a3c2373657474696e6720626f6f6c65616e5f666f726d61743d22547275652c46616c7365223e0d0a3c703e537562736372697074696f6e20666f7220637573746f6d657220247b28437573746f6d65725b305d2e6669656c647328276e616d65272929213f737472696e67217d3c2f703e0d0a3c703e77617320656e646564206279207573657220247b28557365725b305d2e6669656c647328276e616d65272929213f737472696e67217d3c2f703e0d0a202020203c2f626f64793e0d0a3c2f68746d6c3e');

update REPORT_REPORT
set DEFAULT_TEMPLATE_ID='44e139d9-7474-2ad2-15b9-89bac5bc7129'
where ID='94c42dbb-8e21-2f2a-5745-bee7c543765c';

insert into REPORT_REPORT
(ID, VERSION, CREATE_TS, CREATED_BY, UPDATE_TS, UPDATED_BY, DELETE_TS, DELETED_BY, NAME, LOCALE_NAMES, CODE, GROUP_ID, DEFAULT_TEMPLATE_ID, REPORT_TYPE, DESCRIPTION, XML, ROLES_IDX, SCREENS_IDX, INPUT_ENTITY_TYPES_IDX, REST_ACCESS, IS_SYSTEM)
values ('06aaf70d-f25f-b154-e7aa-5669a80b8022', 6, '2018-11-15 15:48:05', 'admin', '2018-11-15 15:50:21', 'admin', null, null, 'Renewed subscription', null, null, '4e083530-0b9c-11e1-9b41-6bdaa41bff94', null, 10, null, '{"metaClass":"report$Report","id":"06aaf70d-f25f-b154-e7aa-5669a80b8022","roles":[],"defaultTemplate":{"metaClass":"report$ReportTemplate","id":"183ec57f-02e7-f71b-c0e6-ed3734acf9b6","code":"DEFAULT","customDefinedBy":"100","custom":"false","version":"1","outputNamePattern":"Renewed subscription.html","reportOutputType":"30","customDefinition":"","report":{"metaClass":"report$Report","id":"06aaf70d-f25f-b154-e7aa-5669a80b8022"},"name":"Template for report \"Renewed subscription\".html","alterable":"false"},"bands":[{"metaClass":"report$BandDefinition","id":"af9de253-91de-5d29-1552-8abc0e2f08d8","orientation":"","childrenBandDefinitions":[{"metaClass":"report$BandDefinition","id":"88dcaa73-a191-b55b-21ab-410f10fc18e8","orientation":"0","childrenBandDefinitions":[],"name":"Customer","parentBandDefinition":{"metaClass":"report$BandDefinition","id":"af9de253-91de-5d29-1552-8abc0e2f08d8"},"report":{"metaClass":"report$Report","id":"06aaf70d-f25f-b154-e7aa-5669a80b8022"},"dataSets":[{"metaClass":"report$DataSet","id":"6184eea8-b0db-e94c-1c5d-39127c53db3d","entityParamName":"subscription","type":"40","jsonSourceType":"10","name":"Dataset","useExistingView":"false","bandDefinition":{"metaClass":"report$BandDefinition","id":"88dcaa73-a191-b55b-21ab-410f10fc18e8"},"text":"return [[:]]","view":"{\"entityClass\":\"yetdemo$Customer\",\"name\":\"\",\"properties\":{\"name\":{\"name\":\"name\",\"fetchMode\":\"AUTO\"}},\"loadPartialEntities\":false}"}],"position":"0"},{"metaClass":"report$BandDefinition","id":"73140f3b-4d62-9c53-1f0c-84729ad4b3c2","orientation":"0","childrenBandDefinitions":[],"name":"User","parentBandDefinition":{"metaClass":"report$BandDefinition","id":"af9de253-91de-5d29-1552-8abc0e2f08d8"},"report":{"metaClass":"report$Report","id":"06aaf70d-f25f-b154-e7aa-5669a80b8022"},"dataSets":[{"metaClass":"report$DataSet","id":"d49931aa-9284-4e5c-781c-8fbef17c81f8","entityParamName":"user","type":"40","jsonSourceType":"10","name":"Dataset","useExistingView":"false","bandDefinition":{"metaClass":"report$BandDefinition","id":"73140f3b-4d62-9c53-1f0c-84729ad4b3c2"},"text":"return [[:]]","view":"null"}],"position":"1"}],"name":"Root","report":{"metaClass":"report$Report","id":"06aaf70d-f25f-b154-e7aa-5669a80b8022"},"dataSets":[],"position":"0"},{"metaClass":"report$BandDefinition","id":"88dcaa73-a191-b55b-21ab-410f10fc18e8"},{"metaClass":"report$BandDefinition","id":"73140f3b-4d62-9c53-1f0c-84729ad4b3c2"}],"inputParameters":[{"metaClass":"report$ReportInputParameter","id":"2570b8d6-2802-8dd5-1dff-12559220f900","entityMetaClass":"yetdemo$Customer","parameterClassName":"com.haulmont.demo.emailtemplates.entity.Customer","predefinedTransformation":"","type":"30","required":"true","validationOn":"false","defaultDateIsCurrent":"false","report":{"metaClass":"report$Report","id":"06aaf70d-f25f-b154-e7aa-5669a80b8022"},"name":"Customer","alias":"subscription","position":"0"},{"metaClass":"report$ReportInputParameter","id":"77aa8f5c-713e-5765-9d20-473752d7f5dc","entityMetaClass":"sec$User","parameterClassName":"com.haulmont.cuba.security.entity.User","predefinedTransformation":"","type":"30","required":"false","validationOn":"false","defaultDateIsCurrent":"false","report":{"metaClass":"report$Report","id":"06aaf70d-f25f-b154-e7aa-5669a80b8022"},"name":"User","alias":"user","position":"1"}],"validationOn":"false","reportType":"10","reportScreens":[],"group":{"metaClass":"report$ReportGroup","id":"4e083530-0b9c-11e1-9b41-6bdaa41bff94","localeNames":"en\u003dGeneral\r\nru\u003dОбщие","code":"ReportGroup.default","title":"General","version":"0"},"inputEntityTypesIdx":",yetdemo$Customer,sec$User,","valuesFormats":[],"templates":[{"metaClass":"report$ReportTemplate","id":"183ec57f-02e7-f71b-c0e6-ed3734acf9b6"}],"version":"4","system":"false","name":"Renewed subscription"}', null, null, ',yetdemo$Customer,sec$User,', null, false);

insert into REPORT_TEMPLATE
(ID, VERSION, CREATE_TS, CREATED_BY, UPDATE_TS, UPDATED_BY, DELETE_TS, DELETED_BY, REPORT_ID, OUTPUT_TYPE, CODE, IS_CUSTOM, IS_ALTERABLE_OUTPUT, CUSTOM_CLASS, CUSTOM_DEFINED_BY, OUTPUT_NAME_PATTERN, NAME, CONTENT)
values ('183ec57f-02e7-f71b-c0e6-ed3734acf9b6', 2, '2018-11-15 15:48:05', 'admin', '2018-11-15 15:50:21', 'admin', null, null, '06aaf70d-f25f-b154-e7aa-5669a80b8022', 30, 'DEFAULT', false, false, '', 100, 'Renewed subscription.html', 'Template for report "Renewed subscription".html', '3c3f786d6c2076657273696f6e3d22312e302220656e636f64696e673d227574662d38223f3e0d0a3c21444f43545950452068746d6c205055424c494320222d2f2f5733432f2f445444205848544d4c20312e312f2f454e222022687474703a2f2f7777772e77332e6f72672f54522f7868746d6c31312f4454442f7868746d6c31312e647464223e0d0a3c68746d6c20786d6c6e733d22687474703a2f2f7777772e77332e6f72672f313939392f7868746d6c2220786d6c3a6c616e673d227275223e0d0a202020203c686561643e0d0a20202020202020203c7469746c653e204e6f74696669636174696f6e203c2f7469746c653e0d0a20202020202020203c7374796c6520747970653d22746578742f637373223e0d0a20202020202020202020202020626f647920207b666f6e742d66616d696c793a20274368617269732053494c272c2073616e732d73657269663b7d0d0a2074626f6479207472207b6865696768743a323070783b206d696e2d6865696768743a323070787d0d0a0d0a20202020202020203c2f7374796c653e0d0a202020203c2f686561643e0d0a202020203c626f64793e0d0a20202020202020200d0a3c2361737369676e20437573746f6d6572203d20526f6f742e62616e64732e437573746f6d65723e3c62722f3e0d0a3c2361737369676e2055736572203d20526f6f742e62616e64732e557365723e3c62722f3e0d0a3c2373657474696e6720626f6f6c65616e5f666f726d61743d22547275652c46616c7365223e0d0a3c703e537562736372697074696f6e20666f7220637573746f6d657220247b28437573746f6d65725b305d2e6669656c647328276e616d65272929213f737472696e67217d3c2f703e0d0a3c703e7761732072656e65776564206279207573657220247b28557365725b305d2e6669656c647328276e616d65272929213f737472696e67217d3c2f703e0d0a202020203c2f626f64793e0d0a3c2f68746d6c3e');

update REPORT_REPORT
set DEFAULT_TEMPLATE_ID='183ec57f-02e7-f71b-c0e6-ed3734acf9b6'
where ID='06aaf70d-f25f-b154-e7aa-5669a80b8022';


insert into YETDEMO_CUSTOMER
(ID, VERSION, CREATE_TS, CREATED_BY, UPDATE_TS, UPDATED_BY, DELETE_TS, DELETED_BY, NAME, SURNAME, EMAIL)
values ('4847ec8d-f990-1ccb-634b-0e7e1513493d', 1, '2018-11-15 15:59:42', 'admin', '2018-11-15 15:59:42', null, null, null, 'Homer', 'Simpson', 'test@haulmont.com');


insert into EMAILTEMPLATES_EMAIL_TEMPLATE
(ID, VERSION, CREATE_TS, CREATED_BY, UPDATE_TS, UPDATED_BY, DELETE_TS, DELETED_BY, NAME, GROUP_ID, DTYPE, TYPE_, CODE, FROM_, TO_, CC, BCC, SUBJECT, USE_REPORT_SUBJECT, EMAIL_BODY_REPORT_ID)
values ('1b6b7378-b46c-0ebe-b1fa-7fc7b3d823e5', 1, '2018-11-15 16:00:42', 'admin', '2018-11-15 16:00:42', null, null, null, 'Subscription created', null, 'emailtemplates$ReportEmailTemplate', 'report', '1', null, null, null, null, null, null, null);

insert into EMAILTEMPLATES_TEMPLATE_REPORT
(ID, VERSION, CREATE_TS, CREATED_BY, UPDATE_TS, UPDATED_BY, DELETE_TS, DELETED_BY, REPORT_ID, EMAIL_TEMPLATE_ID)
values ('eb141845-00ce-27e5-545a-ac6eafe50d71', 1, '2018-11-15 16:00:42', 'admin', '2018-11-15 16:00:42', null, null, null, 'bfd2cdcb-bb7c-47b5-de6d-9b5b8121de1d', null);

update EMAILTEMPLATES_EMAIL_TEMPLATE
set EMAIL_BODY_REPORT_ID='eb141845-00ce-27e5-545a-ac6eafe50d71'
where ID='1b6b7378-b46c-0ebe-b1fa-7fc7b3d823e5';

insert into EMAILTEMPLATES_PARAMETER_VALUE
(ID, VERSION, CREATE_TS, CREATED_BY, UPDATE_TS, UPDATED_BY, DELETE_TS, DELETED_BY, PARAMETER_TYPE, ALIAS, DEFAULT_VALUE, TEMPLATE_PARAMETER_ID)
values ('b241ae59-de2b-7868-34dc-24969f5178b8', 1, '2018-11-15 16:00:42', 'admin', '2018-11-15 16:00:42', null, null, null, 30, 'subscription', 'yetdemo$Customer-4847ec8d-f990-1ccb-634b-0e7e1513493d', 'eb141845-00ce-27e5-545a-ac6eafe50d71');

insert into EMAILTEMPLATES_PARAMETER_VALUE
(ID, VERSION, CREATE_TS, CREATED_BY, UPDATE_TS, UPDATED_BY, DELETE_TS, DELETED_BY, PARAMETER_TYPE, ALIAS, DEFAULT_VALUE, TEMPLATE_PARAMETER_ID)
values ('e54c6bcf-a800-d24e-6944-4d573e8734cc', 1, '2018-11-15 16:00:42', 'admin', '2018-11-15 16:00:42', null, null, null, 30, 'user', 'sec$User-60885987-1b61-4247-94c7-dff348347f93', 'eb141845-00ce-27e5-545a-ac6eafe50d71');


insert into EMAILTEMPLATES_EMAIL_TEMPLATE
(ID, VERSION, CREATE_TS, CREATED_BY, UPDATE_TS, UPDATED_BY, DELETE_TS, DELETED_BY, NAME, GROUP_ID, DTYPE, TYPE_, CODE, FROM_, TO_, CC, BCC, SUBJECT, USE_REPORT_SUBJECT, EMAIL_BODY_REPORT_ID)
values ('439d7ea3-16ce-269d-d125-42a6617e764b', 1, '2018-11-16 11:11:13', 'admin', '2018-11-16 11:11:13', null, null, null, 'Subscription updated', null, 'emailtemplates$ReportEmailTemplate', 'report', '2', null, null, null, null, null, null, null);

insert into EMAILTEMPLATES_TEMPLATE_REPORT
(ID, VERSION, CREATE_TS, CREATED_BY, UPDATE_TS, UPDATED_BY, DELETE_TS, DELETED_BY, REPORT_ID, EMAIL_TEMPLATE_ID)
values ('98c1db94-bcc1-03ab-412a-c664cb2cf883', 1, '2018-11-16 11:11:13', 'admin', '2018-11-16 11:11:13', null, null, null, '7080df93-9e0a-6433-5953-a1d30fee6a2b', null);

update EMAILTEMPLATES_EMAIL_TEMPLATE
set EMAIL_BODY_REPORT_ID='98c1db94-bcc1-03ab-412a-c664cb2cf883'
where ID='439d7ea3-16ce-269d-d125-42a6617e764b';

insert into EMAILTEMPLATES_PARAMETER_VALUE
(ID, VERSION, CREATE_TS, CREATED_BY, UPDATE_TS, UPDATED_BY, DELETE_TS, DELETED_BY, PARAMETER_TYPE, ALIAS, DEFAULT_VALUE, TEMPLATE_PARAMETER_ID)
values ('70ea20d1-8f21-4d5f-b552-5b898891dd9f', 1, '2018-11-16 11:11:13', 'admin', '2018-11-16 11:11:13', null, null, null, 30, 'subscription', 'yetdemo$Customer-4847ec8d-f990-1ccb-634b-0e7e1513493d', '98c1db94-bcc1-03ab-412a-c664cb2cf883');

insert into EMAILTEMPLATES_PARAMETER_VALUE
(ID, VERSION, CREATE_TS, CREATED_BY, UPDATE_TS, UPDATED_BY, DELETE_TS, DELETED_BY, PARAMETER_TYPE, ALIAS, DEFAULT_VALUE, TEMPLATE_PARAMETER_ID)
values ('1b711480-7c19-efc2-727a-5da0785f8495', 1, '2018-11-16 11:11:13', 'admin', '2018-11-16 11:11:13', null, null, null, 30, 'user', 'sec$User-a405db59-e674-4f63-8afe-269dda788fe8', '98c1db94-bcc1-03ab-412a-c664cb2cf883');

